﻿<?xml version="1.0"?>
<doc>
<assembly>
<name>
AutoUsers
</name>
</assembly>
<members>
<member name="M:AutoUsers.pageStart.InitializeComponent">
	<summary>
InitializeComponent
</summary>
</member><member name="T:AutoUsers.pageStart">
	<summary>
pageStart
</summary>
</member><member name="M:AutoUsers.pageStep3CompareLists.InitializeComponent">
	<summary>
InitializeComponent
</summary>
</member><member name="T:AutoUsers.pageStep3CompareLists">
	<summary>
pageStep3CompareLists
</summary>
</member><member name="M:AutoUsers.Application.InitializeComponent">
	<summary>
InitializeComponent
</summary>
</member><member name="M:AutoUsers.Application.Main">
	<summary>
Application Entry Point.
</summary>
</member><member name="T:AutoUsers.Application">
	<summary>
Application
</summary>
</member><member name="M:AutoUsers.MainWindow.InitializeComponent">
	<summary>
InitializeComponent
</summary>
</member><member name="T:AutoUsers.MainWindow">
	<summary>
MainWindow
</summary>
</member><member name="M:AutoUsers.pageStep1ChooseGroup.InitializeComponent">
	<summary>
InitializeComponent
</summary>
</member><member name="T:AutoUsers.pageStep1ChooseGroup">
	<summary>
pageStep1ChooseGroup
</summary>
</member><member name="M:AutoUsers.pageStep4Execute.InitializeComponent">
	<summary>
InitializeComponent
</summary>
</member><member name="T:AutoUsers.pageStep4Execute">
	<summary>
pageStep4Execute
</summary>
</member><member name="M:AutoUsers.pageStep2ChooseFile.InitializeComponent">
	<summary>
InitializeComponent
</summary>
</member><member name="T:AutoUsers.pageStep2ChooseFile">
	<summary>
pageStep2ChooseFile
</summary>
</member><member name="M:AutoUsers.pageLicense.InitializeComponent">
	<summary>
InitializeComponent
</summary>
</member><member name="T:AutoUsers.pageLicense">
	<summary>
pageLicense
</summary>
</member><member name="M:AutoUsers.pageStep5Results.InitializeComponent">
	<summary>
InitializeComponent
</summary>
</member><member name="T:AutoUsers.pageStep5Results">
	<summary>
pageStep5Results
</summary>
</member><member name="M:AutoUsers.pageSettings.InitializeComponent">
	<summary>
InitializeComponent
</summary>
</member><member name="T:AutoUsers.pageSettings">
	<summary>
pageSettings
</summary>
</member><member name="P:AutoUsers.My.Resources.Resources.ResourceManager">
	<summary>
  Returns the cached ResourceManager instance used by this class.
</summary>
</member><member name="P:AutoUsers.My.Resources.Resources.Culture">
	<summary>
  Overrides the current thread's CurrentUICulture property for all
  resource lookups using this strongly typed resource class.
</summary>
</member><member name="T:AutoUsers.My.Resources.Resources">
	<summary>
  A strongly-typed resource class, for looking up localized strings, etc.
</summary>
</member><member name="P:AutoUsers.My.MyWpfExtension.Application">
	<summary>
 Gibt das Anwendungsobjekt für die ausgeführte Anwendung zurück.
 </summary>
</member><member name="P:AutoUsers.My.MyWpfExtension.Computer">
	<summary>
 Gibt Informationen über den Hostcomputer zurück.
 </summary>
</member><member name="P:AutoUsers.My.MyWpfExtension.User">
	<summary>
 Gibt Informationen über den aktuellen Benutzer zurück. Wenn Sie die Anwendung mit den aktuellen Windows-
 Anmeldeinformationen ausführen möchten, rufen Sie My.User.InitializeWithWindowsUser() auf.
 </summary>
</member><member name="P:AutoUsers.My.MyWpfExtension.Log">
	<summary>
 Gibt das Anwendungsprotokoll zurück. Die Listener können in der Konfigurationsdatei der Anwendung konfiguriert werden.
 </summary>
</member><member name="P:AutoUsers.My.MyWpfExtension.Windows">
	<summary>
 Gibt die im Projekt definierte Windows-Auflistung zurück.
 </summary>
</member><member name="T:AutoUsers.My.MyWpfExtension">
	<summary>
 Modul zum Definieren der im My-Namespace für WPF verfügbaren Eigenschaften
 </summary>
	<remarks></remarks>
</member>
</members>
</doc>